产品名称(必填),产品类型(必填),产品类别(必填),点位功能类型(必填),点位名称(必填),标识符(必填),PLC数据起始地址(必填),PLC数据类型(必填),读写类型(必填),值范围（必填）,信号单位(必填),数据类型(必填),描述
productname,devType,category,devicetype,name,identifier,address,originaltype,accessMode,min-max,unit,type,specs
卸船机,s71500,dgiot,起升机构,起升位置,DB200.DBD0,DB200.DBD0,float,只读,-131070,M,float,null
卸船机,s71500,dgiot,起升机构,起升1电流,DB200.DBW4,DB200.DBW4,ushort,只读,-131070,A,float,null
卸船机,s71500,dgiot,起升机构,起升1转速,DB200.DBW6,DB200.DBW6,ushort,只读,-131070,null,float,null
卸船机,s71500,dgiot,起升机构,起升2电流,DB200.DBW8,DB200.DBW8,ushort,只读,-131070,A,float,null
卸船机,s71500,dgiot,起升机构,起升2转速,DB200.DBW10,DB200.DBW10,ushort,只读,-131070,null,float,null
卸船机,s71500,dgiot,起升机构,起升1温度,DB200.DBD12,DB200.DBD12,float,只读,-131070,null,float,null
卸船机,s71500,dgiot,起升机构,起升2温度,DB200.DBD16,DB200.DBD16,float,只读,-131070,null,float,null
卸船机,s71500,dgiot,起升机构,起升减速箱温度,DB200.DBD20,DB200.DBD20,float,只读,-131070,null,float,null
卸船机,s71500,dgiot,起升机构,减速箱压力,DB200.DBD24,DB200.DBD24,float,只读,-131070,null,float,null
卸船机,s71500,dgiot,起升机构,上升允许,DB200.DBX28.0,DB200.DBX28.0,bool,只读,-131070,null,enum,1:上升允许;0:无
卸船机,s71500,dgiot,起升机构,下降允许,DB200.DBX28.1,DB200.DBX28.1,bool,只读,-131070,null,enum,1:上升允许;0:无
卸船机,s71500,dgiot,开闭机构,开闭角度,DB200.DBD30,DB200.DBD30,float,只读,-131070,null,float,null
卸船机,s71500,dgiot,开闭机构,开闭1电流,DB200.DBW34,DB200.DBW34,ushort,只读,-131070,null,float,null
卸船机,s71500,dgiot,开闭机构,开闭1转速,DB200.DBW36,DB200.DBW36,ushort,只读,-131070,null,float,null
卸船机,s71500,dgiot,开闭机构,开闭2电流,DB200.DBW38,DB200.DBW38,ushort,只读,-131070,null,float,null
卸船机,s71500,dgiot,开闭机构,开闭2转速,DB200.DBW40,DB200.DBW40,ushort,只读,-131070,null,float,null
卸船机,s71500,dgiot,开闭机构,开闭1温度,DB200.DBD42,DB200.DBD42,float,只读,-131070,null,float,null
卸船机,s71500,dgiot,开闭机构,开闭2温度,DB200.DBD46,DB200.DBD46,float,只读,-131070,null,float,null
卸船机,s71500,dgiot,开闭机构,开闭减速箱温度,DB200.DBD50,DB200.DBD50,float,只读,-131070,null,float,null
卸船机,s71500,dgiot,开闭机构,减速箱压力,DB200.DBD54,DB200.DBD54,float,只读,-131070,null,float,null
卸船机,s71500,dgiot,开闭机构,闭斗允许,DB200.DBX58.0,DB200.DBX58.0,bool,只读,-131070,null,enum,1:允许;0:无
卸船机,s71500,dgiot,开闭机构,开斗允许,DB200.DBX58.1,DB200.DBX58.1,bool,只读,-131070,null,enum,1:允许;0:无
卸船机,s71500,dgiot,小车机构,小车位置,DB200.DBD60,DB200.DBD60,float,只读,-131070,M,float,null
卸船机,s71500,dgiot,小车机构,小车电流,DB200.DBW64,DB200.DBW64,ushort,只读,-131070,null,float,null
卸船机,s71500,dgiot,小车机构,小车转速,DB200.DBW66,DB200.DBW66,ushort,只读,-131070,null,float,null
卸船机,s71500,dgiot,小车机构,小车温度,DB200.DBD68,DB200.DBD68,float,只读,-131070,null,float,null
卸船机,s71500,dgiot,小车机构,江侧运行允许,DB200.DBX72.0,DB200.DBX72.0,bool,只读,-131070,null,enum,1:允许;0:无
卸船机,s71500,dgiot,小车机构,岸侧运行允许,DB200.DBX72.1,DB200.DBX72.1,bool,只读,-131070,null,enum,1:允许;0:无
卸船机,s71500,dgiot,变幅机构,变幅角度,DB200.DBD74,DB200.DBD74,float,只读,-131070,null,float,null
卸船机,s71500,dgiot,变幅机构,变幅电流,DB200.DBW78,DB200.DBW78,ushort,只读,-131070,null,float,null
卸船机,s71500,dgiot,变幅机构,变幅转速,DB200.DBW80,DB200.DBW80,ushort,只读,-131070,null,float,null
卸船机,s71500,dgiot,变幅机构,变幅温度,DB200.DBD82,DB200.DBD82,float,只读,-131070,null,float,null
卸船机,s71500,dgiot,变幅机构,抬起允许,DB200.DBX86.0,DB200.DBX86.0,bool,只读,-131070,null,enum,1:允许;0:无
卸船机,s71500,dgiot,变幅机构,放下允许,DB200.DBX86.1,DB200.DBX86.1,bool,只读,-131070,null,enum,1:允许;0:无
卸船机,s71500,dgiot,大车机构,大车1电流,DB200.DBW88,DB200.DBW88,ushort,只读,-131070,null,float,null
卸船机,s71500,dgiot,大车机构,大车1转速,DB200.DBW90,DB200.DBW90,ushort,只读,-131070,null,float,null
卸船机,s71500,dgiot,大车机构,大车2电流,DB200.DBW92,DB200.DBW92,ushort,只读,-131070,null,float,null
卸船机,s71500,dgiot,大车机构,大车2转速,DB200.DBW94,DB200.DBW94,ushort,只读,-131070,null,float,null
卸船机,s71500,dgiot,大车机构,前行允许,DB200.DBX96.0,DB200.DBX96.0,bool,只读,-131070,null,enum,1:允许;0:无
卸船机,s71500,dgiot,大车机构,后行允许,DB200.DBX96.1,DB200.DBX96.1,bool,只读,-131070,null,enum,1:允许;0:无
卸船机,s71500,dgiot,大车页面,大车前行,DB200.DBX96.2,DB200.DBX96.2,bool,只读,-131070,null,enum,1:前行;0:无
卸船机,s71500,dgiot,大车页面,大车后退,DB200.DBX96.3,DB200.DBX96.3,bool,只读,-131070,null,enum,1:后退;0:无
卸船机,s71500,dgiot,大车页面,岸侧锚定限位,DB200.DBX96.4,DB200.DBX96.4,bool,只读,-131070,null,enum,1:已锚定;0:无
卸船机,s71500,dgiot,大车页面,江侧锚定限位,DB200.DBX96.5,DB200.DBX96.5,bool,只读,-131070,null,enum,1:已锚定;0:无
卸船机,s71500,dgiot,大车页面,岸侧防风系缆限位1,DB200.DBX96.6,DB200.DBX96.6,bool,只读,-131070,null,enum,1:系住;0:未系
卸船机,s71500,dgiot,大车页面,岸侧防风系缆限位2,DB200.DBX96.7,DB200.DBX96.7,bool,只读,-131070,null,enum,1:系住;0:未系
卸船机,s71500,dgiot,大车页面,江侧防风系缆限位1,DB200.DBX97.0,DB200.DBX97.0,bool,只读,-131070,null,enum,1:系住;0:未系
卸船机,s71500,dgiot,大车页面,江侧防风系缆限位2,DB200.DBX97.1,DB200.DBX97.1,bool,只读,-131070,null,enum,1:系住;0:未系
卸船机,s71500,dgiot,小车页面,小车海侧停止限位,DB200.DBX97.2,DB200.DBX97.2,bool,只读,-131070,null,enum,1:正常;0:限位动作
卸船机,s71500,dgiot,小车页面,小车海侧减速限位,DB200.DBX97.3,DB200.DBX97.3,bool,只读,-131070,null,enum,1:正常;0:限位动作
卸船机,s71500,dgiot,小车页面,小车海侧减速检测,DB200.DBX97.4,DB200.DBX97.4,bool,只读,-131070,null,enum,1:正常;0:限位动作
卸船机,s71500,dgiot,小车页面,小车料斗减速限位,DB200.DBX97.5,DB200.DBX97.5,bool,只读,-131070,null,enum,1:正常;0:限位动作
卸船机,s71500,dgiot,小车页面,小车料斗停止限位,DB200.DBX97.6,DB200.DBX97.6,bool,只读,-131070,null,enum,1:正常;0:限位动作
卸船机,s71500,dgiot,小车页面,小车前进信号,DB200.DBX97.7,DB200.DBX97.7,bool,只读,-131070,null,enum,1:前行;0:无
卸船机,s71500,dgiot,小车页面,小车后退信号,DB200.DBX98.0,DB200.DBX98.0,bool,只读,-131070,null,enum,1:后退;0:无
卸船机,s71500,dgiot,小车页面,小车料斗锚定限位,DB200.DBX98.1,DB200.DBX98.1,bool,只读,-131070,null,enum,1:已锚定;0:无
卸船机,s71500,dgiot,小车页面,小车后大梁锚定限位,DB200.DBX98.2,DB200.DBX98.2,bool,只读,-131070,null,enum,1:已锚定;0:无
卸船机,s71500,dgiot,小车页面,变幅放平限位,DB200.DBX98.3,DB200.DBX98.3,bool,只读,-131070,null,enum,1:正常;0:限位动作
卸船机,s71500,dgiot,起升页面,抓斗上升信号,DB200.DBX98.4,DB200.DBX98.4,bool,只读,-131070,null,enum,1:上升;0:无
卸船机,s71500,dgiot,起升页面,抓斗下降信号,DB200.DBX98.5,DB200.DBX98.5,bool,只读,-131070,null,enum,1:下降;0:无
卸船机,s71500,dgiot,起升页面,起升跳绳限位1,DB200.DBX98.6,DB200.DBX98.6,bool,只读,-131070,null,enum,1:正常;0:限位动作
卸船机,s71500,dgiot,起升页面,起升跳绳限位2,DB200.DBX98.7,DB200.DBX98.7,bool,只读,-131070,null,enum,1:正常;0:限位动作
卸船机,s71500,dgiot,起升页面,起升超速开关1,DB200.DBX99.0,DB200.DBX99.0,bool,只读,-131070,null,enum,1:正常;0:限位动作
卸船机,s71500,dgiot,起升页面,起升超速开关2,DB200.DBX99.1,DB200.DBX99.1,bool,只读,-131070,null,enum,1:正常;0:限位动作
卸船机,s71500,dgiot,开闭页面,闭斗指令,DB200.DBX99.2,DB200.DBX99.2,bool,只读,-131070,null,enum,1:开斗;0:无
卸船机,s71500,dgiot,开闭页面,开斗指令,DB200.DBX99.3,DB200.DBX99.3,bool,只读,-131070,null,enum,1:闭斗;0:无
卸船机,s71500,dgiot,开闭页面,开闭跳绳限位1,DB200.DBX99.4,DB200.DBX99.4,bool,只读,-131070,null,enum,1:正常;0:限位动作
卸船机,s71500,dgiot,开闭页面,开闭跳绳限位2,DB200.DBX99.5,DB200.DBX99.5,bool,只读,-131070,null,enum,1:正常;0:限位动作
卸船机,s71500,dgiot,开闭页面,开闭超速开关1,DB200.DBX99.6,DB200.DBX99.6,bool,只读,-131070,null,enum,1:正常;0:限位动作
卸船机,s71500,dgiot,开闭页面,开闭超速开关2,DB200.DBX99.7,DB200.DBX99.7,bool,只读,-131070,null,enum,1:正常;0:限位动作
卸船机,s71500,dgiot,开闭页面,抓斗已闭合,DB200.DBX100.0,DB200.DBX100.0,bool,只读,-131070,null,enum,1:已闭合;0:限位动作
卸船机,s71500,dgiot,开闭页面,抓斗已打开,DB200.DBX100.1,DB200.DBX100.1,bool,只读,-131070,null,enum,1:已打开;0:限位动作
卸船机,s71500,dgiot,变幅页面,变幅松绳限位1#,DB200.DBX100.2,DB200.DBX100.2,bool,只读,-131070,null,enum,1:正常;0:限位动作
卸船机,s71500,dgiot,变幅页面,变幅松绳限位2#,DB200.DBX100.3,DB200.DBX100.3,bool,只读,-131070,null,enum,1:正常;0:限位动作
卸船机,s71500,dgiot,变幅页面,变幅卷筒超速,DB200.DBX100.4,DB200.DBX100.4,bool,只读,-131070,null,enum,1:正常;0:限位动作
卸船机,s71500,dgiot,变幅页面,变幅电机超速,DB200.DBX100.5,DB200.DBX100.5,bool,只读,-131070,null,enum,1:正常;0:限位动作
卸船机,s71500,dgiot,变幅页面,变幅抬起信号,DB200.DBX100.6,DB200.DBX100.6,bool,只读,-131070,null,enum,1:抬起;0:无
卸船机,s71500,dgiot,变幅页面,变幅放下信号,DB200.DBX100.7,DB200.DBX100.7,bool,只读,-131070,null,enum,1:放下;0:无
卸船机,s71500,dgiot,卷盘页面,电缆卷盘左行信号,DB200.DBX101.0,DB200.DBX101.0,bool,只读,-131070,null,enum,1:左行;0:无
卸船机,s71500,dgiot,卷盘页面,电缆卷盘右行信号,DB200.DBX101.1,DB200.DBX101.1,bool,只读,-131070,null,enum,1:右行;0:无
卸船机,s71500,dgiot,辅助页面,接料板上限位,DB200.DBX101.2,DB200.DBX101.2,bool,只读,-131070,null,enum,1:限位动作;0:无
卸船机,s71500,dgiot,辅助页面,接料板下限位,DB200.DBX101.3,DB200.DBX101.3,bool,只读,-131070,null,enum,1:限位动作;0:无
卸船机,s71500,dgiot,辅助页面,后挡门上限位,DB200.DBX101.4,DB200.DBX101.4,bool,只读,-131070,null,enum,1:限位动作;0:无
卸船机,s71500,dgiot,辅助页面,后挡门下限位,DB200.DBX101.5,DB200.DBX101.5,bool,只读,-131070,null,enum,1:限位动作;0:无
卸船机,s71500,dgiot,辅助页面,三通A侧限位,DB200.DBX101.6,DB200.DBX101.6,bool,只读,-131070,null,enum,1:限位动作;0:无
卸船机,s71500,dgiot,辅助页面,三通B侧限位,DB200.DBX101.7,DB200.DBX101.7,bool,只读,-131070,null,enum,1:限位动作;0:无
卸船机,s71500,dgiot,辅助页面,料斗闸门上停限位,DB200.DBX102.0,DB200.DBX102.0,bool,只读,-131070,null,enum,1:限位动作;0:无
卸船机,s71500,dgiot,辅助页面,料斗闸门下停限位,DB200.DBX102.1,DB200.DBX102.1,bool,只读,-131070,null,enum,1:限位动作;0:无
卸船机,s71500,dgiot,辅助页面,除尘系统运行信号,DB200.DBX102.2,DB200.DBX102.2,bool,只读,-131070,null,enum,1:有信号;0:无
卸船机,s71500,dgiot,司机室页面,司机室江侧,DB200.DBX102.3,DB200.DBX102.3,bool,只读,-131070,null,enum,1:江侧;0:无
卸船机,s71500,dgiot,司机室页面,司机室岸侧,DB200.DBX102.4,DB200.DBX102.4,bool,只读,-131070,null,enum,1:岸侧;0:无
卸船机,s71500,dgiot,司机室页面,司机室锚定限位,DB200.DBX102.5,DB200.DBX102.5,bool,只读,-131070,null,enum,1:已锚定;0:无
卸船机,s71500,dgiot,计量斗页面,计量拱门1打开限位,DB200.DBX102.6,DB200.DBX102.6,bool,只读,-131070,null,enum,1:限位动作;0:无
卸船机,s71500,dgiot,计量斗页面,计量拱门2打开限位,DB200.DBX102.7,DB200.DBX102.7,bool,只读,-131070,null,enum,1:限位动作;0:无
卸船机,s71500,dgiot,计量斗页面,计量拱门3打开限位,DB200.DBX103.0,DB200.DBX103.0,bool,只读,-131070,null,enum,1:限位动作;0:无
卸船机,s71500,dgiot,计量斗页面,计量拱门4打开限位,DB200.DBX103.1,DB200.DBX103.1,bool,只读,-131070,null,enum,1:限位动作;0:无
卸船机,s71500,dgiot,计量斗页面,计量拱门1关闭限位,DB200.DBX103.2,DB200.DBX103.2,bool,只读,-131070,null,enum,1:限位动作;0:无
卸船机,s71500,dgiot,计量斗页面,计量拱门2关闭限位,DB200.DBX103.3,DB200.DBX103.3,bool,只读,-131070,null,enum,1:限位动作;0:无
卸船机,s71500,dgiot,计量斗页面,计量拱门3关闭限位,DB200.DBX103.4,DB200.DBX103.4,bool,只读,-131070,null,enum,1:限位动作;0:无
卸船机,s71500,dgiot,计量斗页面,计量拱门4关闭限位,DB200.DBX103.5,DB200.DBX103.5,bool,只读,-131070,null,enum,1:限位动作;0:无
卸船机,s71500,dgiot,计量斗页面,当前重量,DB200.DBD104,DB200.DBD104,float,只读,-131070,t,float,null
卸船机,s71500,dgiot,计量斗页面,前一斗重,DB200.DBD108,DB200.DBD108,float,只读,-131070,t,float,null
卸船机,s71500,dgiot,计量斗页面,斗小计（次）,DB200.DBD112,DB200.DBD112,float,只读,-131070,null,float,null
卸船机,s71500,dgiot,计量斗页面,小计值,DB200.DBD116,DB200.DBD116,float,只读,-131070,t,float,null
卸船机,s71500,dgiot,计量斗页面,斗总计（次）,DB200.DBD120,DB200.DBD120,float,只读,-131070,null,float,null
卸船机,s71500,dgiot,计量斗页面,总计值,DB200.DBD124,DB200.DBD124,float,只读,-131070,t,float,null
卸船机,s71500,dgiot,计量斗页面,是否采用计量模式,DB200.DBX128.0,DB200.DBX128.0,bool,只读,-131070,null,enum,1:采用;0:无
卸船机,s71500,dgiot,其他,卸船机运行信号（发与中控）,DB200.DBX128.1,DB200.DBX128.1,bool,只读,-131070,null,enum,1:运行;0:无
卸船机,s71500,dgiot,其他,卸船机待机信号（发与中控）,DB200.DBX128.2,DB200.DBX128.2,bool,只读,-131070,null,enum,1:待机;0:无
卸船机,s71500,dgiot,其他,卸船机故障信号（发与中控）,DB200.DBX128.3,DB200.DBX128.3,bool,只读,-131070,null,enum,1:故障;0:无
卸船机,s71500,dgiot,其他,照明打开,DB200.DBX128.4,DB200.DBX128.4,bool,只读,-131070,null,enum,1:打开;0:无
卸船机,s71500,dgiot,其他,照明关闭,DB200.DBX128.5,DB200.DBX128.5,bool,只读,-131070,null,enum,1:关闭;0:无
